{
  "TCGA-OL-A5RW-01Z-00-DX1.E16DE8EE-31AF-4EAF-A85F-DB3E3E2C3BFF": 0,
  "TCGA-OL-A5S0-01Z-00-DX1.49A7AC9D-C186-406C-BA67-2D73DE82E13B": 0,
  "TCGA-OL-A5RZ-01Z-00-DX1.6394C05E-1C34-4F4B-8859-F5E961E7EFF9": 0,
  "TCGA-AC-A23G-01Z-00-DX1.2F0326F7-6B77-4B3F-B4FA-59ADB785AA07": 0,
  "TCGA-OL-A5RX-01Z-00-DX1.15A0D4F4-2744-4D44-8883-27FF83D9C824": 0,
  "TCGA-AC-A8OR-01Z-00-DX1.C9A35592-1E73-40D4-834A-46E3471D84A3": 0,
  "TCGA-AC-A23C-01Z-00-DX1.0E67C785-83D3-49AF-B600-FB5B909AE6ED": 0,
  "TCGA-OL-A5RU-01Z-00-DX1.A48CAF2D-9310-4611-B27D-400F3A324607": 0,
  "TCGA-AC-A62V-01Z-00-DX1.2D8994FD-58B8-43C1-B99D-AA964E7DFD60": 1,
  "TCGA-OL-A5RY-01Z-00-DX1.AE4E9D74-FC1C-4C1E-AE6D-5DF38899BBA6": 0,
  "TCGA-MS-A51U-01Z-00-DX1.490DE85A-ECE5-4E2A-9657-841BE6FFCCA0": 0,
  "TCGA-AC-A2FO-01Z-00-DX1.46929316-D7ED-4D69-B068-409BFFBCEC4D": 0,
  "TCGA-OL-A5RV-01Z-00-DX1.920AC243-1DAC-4854-BEB6-1CBCC950F26B": 1,
  "TCGA-AC-A6IV-01Z-00-DX1.DA4F4B9F-9070-4B3A-996F-311E0A989FFB": 0,
  "TCGA-AC-A4ZE-01Z-00-DX1.A9BB4DBC-4314-4A77-AA1C-0882DBC370F1": 0,
  "TCGA-AC-A2FG-01Z-00-DX1.0F13DE40-9F7A-42C6-AB3D-02E8521B690A": 0,
  "TCGA-AN-A0XW-01Z-00-DX1.811E11E7-FA67-46BB-9BC6-1FD0106B789D": 1,
  "TCGA-AC-A3W5-01Z-00-DX1.522F702C-776E-45F1-84D3-1648DF04137C": 0,
  "TCGA-AC-A23H-01Z-00-DX1.8E0AE339-1047-4CA5-BFC5-37A3B10FD8B5": 0,
  "TCGA-A7-A6VX-01Z-00-DX2.9EE94B59-6A2C-4507-AA4F-DC6402F2B74F": 0,
  "TCGA-PL-A8LV-01A-01-DX1.88F3D934-96C2-4652-9450-90F2E302FF6D": 1,
  "TCGA-AC-A2FK-01Z-00-DX1.033F3C27-9860-4EF3-9330-37DE5EC45724": 1,
  "TCGA-AC-A6IW-01Z-00-DX1.C4514189-E64F-4603-8970-230FA2BB77FC": 0,
  "TCGA-PL-A8LZ-01A-01-DX1.B9F233EE-06DD-4C14-A392-D2937C7C0868": 1,
  "TCGA-A7-A13G-01Z-00-DX1.C258C545-8C1F-41D4-846F-962A746CBDFB": 0,
  "TCGA-A7-A4SF-01Z-00-DX1.CDCFD4BC-4363-4CF2-95F5-4922E04C3B9D": 0,
  "TCGA-PL-A8LY-01A-02-DX2.6F9520F1-3210-4A96-81C2-A14424F650D1": 0,
  "TCGA-AC-A8OS-01Z-00-DX1.3FD44846-8BD2-4A7A-9A87-8D3D29C25F60": 0,
  "TCGA-A8-A0AB-01Z-00-DX1.103ED338-A0F9-403B-A10C-49840BD60EB8": 0,
  "TCGA-AC-A6NO-01Z-00-DX1.61B7F48C-6D6E-4C1B-B236-DD130ECBDA9D": 0,
  "TCGA-AC-A3W6-01Z-00-DX1.88CC534C-F032-4E5D-9CC4-4BB50AA46880": 1,
  "TCGA-HN-A2NL-01Z-00-DX1.C2EAF378-4B37-4C1C-BB0F-18FAC62EEC13": 0,
  "TCGA-AC-A3OD-01Z-00-DX1.E19B311B-BAB1-4CE8-9421-B49D5BE4537E": 0,
  "TCGA-AC-A7VB-01Z-00-DX1.62D7FDB3-280D-43B2-92EA-AB810384B0B7": 0,
  "TCGA-A7-A3IZ-01Z-00-DX1.7437130B-DF49-40C8-ABCD-FF9364B9B1B0": 0,
  "TCGA-PL-A8LX-01A-01-DX1.9646D69F-A764-4246-9243-67A63006DE96": 1,
  "TCGA-AC-A5XS-01Z-00-DX1.E5F2481E-9314-4B20-84B7-370EF82AF4BB": 0,
  "TCGA-AC-A2FB-01Z-00-DX1.A4D93E32-BBD7-45E4-8ACF-3724B059ECBC": 0,
  "TCGA-AC-A62Y-01Z-00-DX1.5075F4DA-488C-40AD-BD73-6DE8953E1864": 0,
  "TCGA-AC-A6IX-01Z-00-DX1.45B63C4F-9DC3-4CED-9DF9-0F86E647BEA3": 1,
  "TCGA-AC-A3BB-01Z-00-DX1.CE889249-2A5E-44DA-B04E-746BE82CD805": 1,
  "TCGA-AC-A3QQ-01Z-00-DX1.86463263-AB12-49FB-8967-D5FD1F7D221A": 0,
  "TCGA-A7-A0DC-01Z-00-DX1.C770781E-83E4-47DD-B658-25BBBBB32066": 0,
  "TCGA-PE-A5DE-01Z-00-DX1.88B354F2-5485-44AA-A057-89E40B988F69": 0,
  "TCGA-A7-A0D9-01Z-00-DX2.66CD9ED8-223B-4AC8-AA1A-2481FB0C47B3": 0,
  "TCGA-AO-A0J2-01Z-00-DX1.7C9FEC7B-6040-4C58-9563-D10C0D7AC72E": 0,
  "TCGA-AC-A3W7-01Z-00-DX1.189BB448-ECBA-4042-8A35-4B787271E8FE": 0,
  "TCGA-AC-A2FM-01Z-00-DX1.5D2309D5-C47B-4B04-B7B8-2F0685842889": 0,
  "TCGA-A7-A3IY-01Z-00-DX1.B4E75265-3B2A-456C-996A-F95B5A645BF8": 0,
  "TCGA-A7-A5ZW-01Z-00-DX1.5F571EE3-A1A3-4604-BE89-1A46E0EC508B": 0,
  "TCGA-AC-A23E-01Z-00-DX1.F12A5A87-72CF-42F8-A6EC-8E7FAD80B1F7": 0,
  "TCGA-A7-A3J0-01Z-00-DX1.59DB32BC-F59C-43B3-8DDD-4A728EBA8AB8": 0,
  "TCGA-A7-A0CJ-01Z-00-DX1.E26F2F62-D688-4373-BB7B-790A06734E49": 0,
  "TCGA-GI-A2C9-01Z-00-DX1.90181423-51ED-41FE-9B8F-973A67793D4F": 0,
  "TCGA-AC-A2BK-01Z-00-DX1.A3A1F275-9CDC-48BA-BB81-BCA6F02ACA94": 1,
  "TCGA-A7-A0CD-01Z-00-DX2.609CED8D-5947-4753-A75B-73A8343B47EC": 0,
  "TCGA-E9-A54X-01Z-00-DX1.9BF3DE15-FA5A-459D-9B2E-8EB92F34228D": 0,
  "TCGA-AO-A1KQ-01Z-00-DX1.CAB7D9A5-7030-4A33-BE51-9B04D67A7676": 1,
  "TCGA-A7-A6VY-01Z-00-DX1.38D4EBD7-40B0-4EE3-960A-1F00E8F83ADB": 0,
  "TCGA-AO-A1KP-01Z-00-DX1.612442AB-24E2-489B-9838-7CEE82BCD605": 0,
  "TCGA-A8-A081-01Z-00-DX1.06D727F7-4B41-419B-A251-3D804235ACE5": 0,
  "TCGA-AR-A24Z-01Z-00-DX1.C88AFF18-A8E4-426A-BEA3-70566DE39C46": 0,
  "TCGA-A7-A0CH-01Z-00-DX2.81DDF423-FCA8-46CA-83A4-2E80B611844D": 0,
  "TCGA-A8-A096-01Z-00-DX1.FCECFB0D-4E02-4C69-A0FE-7D6C7F9FEB07": 0,
  "TCGA-A7-A5ZX-01Z-00-DX2.02F586FE-4775-480B-8035-D6AD3386F45D": 1,
  "TCGA-AR-A1AO-01Z-00-DX1.244DEE5B-0896-452F-A14D-E290260A9D8F": 0,
  "TCGA-A8-A08O-01Z-00-DX1.BC87C01D-F081-41CA-939A-875C61588E88": 1,
  "TCGA-AR-A255-01Z-00-DX1.E67C081D-50C9-451C-814B-F097B2671300": 0,
  "TCGA-AO-A0JI-01Z-00-DX1.4DCDA545-B7E3-49DF-AB10-963E84BEB105": 0,
  "TCGA-AC-A5EH-01Z-00-DX1.DF59B26B-379F-4047-B7AE-4493810D30A0": 0,
  "TCGA-E9-A1N3-01Z-00-DX1.608fb360-17bf-4f85-b090-b8fc867831a3": 1,
  "TCGA-HN-A2OB-01Z-00-DX1.14F1FBFB-4540-43CE-9D79-5BC628640424": 0,
  "TCGA-A8-A09E-01Z-00-DX1.239A8E03-49EA-4C29-AF86-FC1BD8A9DB20": 1,
  "TCGA-B6-A0IJ-01Z-00-DX1.BF2E062F-06DA-4CA8-86C4-36674C035CAA": 0,
  "TCGA-C8-A12P-01Z-00-DX1.670B5DE8-07B0-4E4C-93FA-FA3DFFCCE50D": 0,
  "TCGA-A8-A0A9-01Z-00-DX1.16524DDD-539D-4E47-9A8F-1B910D4FEC2D": 0,
  "TCGA-A8-A09V-01Z-00-DX1.2D6731CA-5712-4EB8-8602-E53301BF4238": 0,
  "TCGA-A8-A08R-01Z-00-DX1.72FBD9A3-5EB9-4855-89EB-697883C2EA9B": 0,
  "TCGA-A7-A26J-01Z-00-DX1.86A92FBD-F346-4206-A1BE-0CBA1596135F": 0,
  "TCGA-A7-A26I-01Z-00-DX1.0077D012-BC14-4E96-84F7-A1A6A3A778DF": 0,
  "TCGA-E9-A1NC-01Z-00-DX1.20edf036-8ba6-4187-a74c-124fc39f5aa1": 0,
  "TCGA-E9-A1NA-01Z-00-DX1.2A2FE8BB-621E-43A2-8449-F8FE730C0487": 0,
  "TCGA-A7-A4SA-01Z-00-DX1.B48FFD3E-9B45-4CEA-ACEE-5B08058CCF5F": 0,
  "TCGA-AC-A8OP-01Z-00-DX1.A2AF501D-7DCD-4BE7-93A4-EBCAF0C0D54E": 0,
  "TCGA-AC-A2FE-01Z-00-DX1.C036AE58-3C0D-4DBF-B658-296D03FD6701": 1,
  "TCGA-AO-A1KS-01Z-00-DX1.349F9BCA-C9F0-43B4-BA6A-D20039E1C720": 0,
  "TCGA-E9-A1NE-01Z-00-DX1.f332124a-cdab-4ab5-82d1-4b8b7f3c9821": 0,
  "TCGA-E9-A1RA-01Z-00-DX1.E1C527C3-EDF2-442A-80FE-3E3AFBC5EF5A": 0,
  "TCGA-E2-A1L8-01Z-00-DX1.842BF73D-2D64-4ABA-880D-DBE8F4C2AA19": 0,
  "TCGA-AN-A0FD-01Z-00-DX1.8970DBBA-7D43-4C2E-B14A-6D21F1EF3425": 0,
  "TCGA-AO-A1KT-01Z-00-DX1.47878910-4359-4795-B0BB-FAC147C8D932": 0,
  "TCGA-AC-A5XU-01Z-00-DX1.1AEEFAAF-0906-4086-8022-13B689FAB9F5": 0,
  "TCGA-A2-A04Q-01Z-00-DX1.DF7ED6B6-7701-486D-9007-F26B6F0682C4": 0,
  "TCGA-D8-A3Z6-01Z-00-DX3.66566DB7-661D-4002-90C1-B15BF3425903": 1,
  "TCGA-AC-A7VC-01Z-00-DX1.EB247544-EADE-419C-B7A7-BB9CC978336F": 0,
  "TCGA-A8-A07P-01Z-00-DX1.2C7C75EF-EEE2-4A42-994C-A1A40850C87A": 0,
  "TCGA-AN-A0XS-01Z-00-DX1.B4D4B73E-2912-4B2E-B18A-FBC35F8160D3": 1,
  "TCGA-BH-A18G-01Z-00-DX1.DB2B5819-CE83-4E07-BD03-2CD9CF2E246C": 0,
  "TCGA-5L-AAT0-01Z-00-DX1.5E171263-30BF-4C6B-88A1-E8EA0522A861": 0,
  "TCGA-D8-A27N-01Z-00-DX2.EB803DEC-438B-43A9-B906-FD7C3B9A0138": 1,
  "TCGA-AO-A03R-01Z-00-DX1.DC317201-7F22-4C4A-86A5-ED82C37757C8": 0,
  "TCGA-E2-A1L7-01Z-00-DX1.BE796CD2-2E81-44E8-8CA2-85B4D2A31B64": 1,
  "TCGA-A7-A6VV-01Z-00-DX1.07AE0E16-A883-4C86-BC74-4E13081175F2": 0,
  "TCGA-A8-A07S-01Z-00-DX1.34AFF327-E7FD-49E1-B918-0C09129581FB": 0,
  "TCGA-A7-A26F-01Z-00-DX1.7ADE881D-325D-48ED-BA2D-30F589CA8EF2": 0,
  "TCGA-AN-A0FZ-01Z-00-DX1.9555AF11-3A0D-4FE3-AE91-09DA77B175CA": 1,
  "TCGA-AO-A0JG-01Z-00-DX1.FA785D56-B4FF-4CC3-A631-5C748E8E0558": 1,
  "TCGA-AC-A5EI-01Z-00-DX1.A174D91A-730E-460C-AE73-46CA1E5B177B": 0,
  "TCGA-A8-A095-01Z-00-DX1.97072E53-7323-4836-9D58-22B7C346A7CE": 0,
  "TCGA-AN-A0AM-01Z-00-DX1.169CE39A-DD54-46D8-8D03-60B69A473CDB": 0,
  "TCGA-A8-A06Y-01Z-00-DX1.3BC58446-524E-43F3-AAE6-FBC4AA543E66": 0,
  "TCGA-AC-A62X-01Z-00-DX1.36FDC9AA-4EBE-40E6-92C2-8471049171A4": 0,
  "TCGA-AN-A041-01Z-00-DX1.96D3628B-FB6E-4A41-A5E8-8896B0657F1C": 0,
  "TCGA-AR-A1AM-01Z-00-DX1.B3F006D9-9386-41E5-B0B1-B0832EE104A0": 1,
  "TCGA-A2-A0CK-01Z-00-DX1.C3226BD1-11B0-4034-946A-BAB42958CE85": 1,