{
  "model_path": "outputs/training/best_model.pt",
  "n_samples": 10,
  "n_bootstrap": 100,
  "metrics": {
    "auc_roc": {
      "value": 0.875,
      "ci_lower": 0.6002976190476191,
      "ci_upper": 1.0,
      "ci_95": "0.875 [0.600, 1.000]"
    },
    "sensitivity": {
      "value": 1.0,
      "ci_lower": 1.0,
      "ci_upper": 1.0,
      "ci_95": "1.000 [1.000, 1.000]"
    },
    "specificity": {
      "value": 0.0,
      "ci_lower": 0.0,
      "ci_upper": 0.0,
      "ci_95": "0.000 [0.000, 0.000]"
    },
    "ppv": {
      "value": 0.4,
      "ci_lower": 0.1,
      "ci_upper": 0.7,
      "ci_95": "0.400 [0.100, 0.700]"
    },
    "npv": {
      "value": 0.0,
      "ci_lower": 0.0,
      "ci_upper": 0.0,
      "ci_95": "0.000 [0.000, 0.000]"
    },
    "brier_score": {
      "value": 0.2540570502414347,
      "ci_lower": 0.24257589435387147,
      "ci_upper": 0.2654652945273127,
      "ci_95": "0.254 [0.243, 0.265]"
    },
    "accuracy": {
      "value": 0.4,
      "ci_lower": 0.1,
      "ci_upper": 0.7,
      "ci_95": "0.400 [0.100, 0.700]"
    },
    "confusion_matrix": {
      "tp": 4,
      "tn": 0,
      "fp": 6,
      "fn": 0
    },
    "calibration": {
      "expected_calibration_error": 0.1190700173377991,
      "maximum_calibration_error": 0.1190700173377991,
      "prob_true": [
        0.4
      ],
      "prob_pred": [
        0.5190700173377991
      ],
      "n_bins": 10
    }
  },
  "predictions": {
    "slide_ids": [
      "slide_000",
      "slide_001",
      "slide_002",
      "slide_003",
      "slide_004",
      "slide_005",
      "slide_006",
      "slide_007",
      "slide_008",
      "slide_009"
    ],
    "y_true": [
      1,
      1,
      1,
      1,
      0,
      0,
      0,
      0,
      0,
      0
    ],
    "y_prob": [
      0.5189580321311951,
      0.5192437767982483,
      0.5195904970169067,
      0.5190910696983337,
      0.5189121961593628,
      0.5188875794410706,
      0.5188966989517212,
      0.5190781950950623,
      0.5189273953437805,
      0.5191147327423096
    ]
  }
}