{
  "timestamp": "20260131_230753",
  "config": {
    "input_dim": 384,
    "hidden_dim": 256,
    "attention_heads": 1,
    "dropout": 0.25,
    "learning_rate": 0.0002,
    "weight_decay": 1e-05,
    "epochs": 20,
    "patience": 5,
    "n_folds": 3,
    "random_seed": 42,
    "train_ratio": 0.7,
    "val_ratio": 0.15,
    "test_ratio": 0.15,
    "scheduler_patience": 5,
    "scheduler_factor": 0.5,
    "min_lr": 1e-06,
    "use_class_weights": true,
    "data_dir": "data/demo",
    "output_dir": "outputs/training"
  },
  "cross_validation": {
    "n_folds": 3,
    "per_fold_metrics": [
      {
        "auc_roc": 1.0,
        "sensitivity": 1.0,
        "specificity": 0.0,
        "ppv": 0.5,
        "npv": 0.0,
        "accuracy": 0.5,
        "brier_score": 0.25001570833488174,
        "tp": 2,
        "tn": 0,
        "fp": 2,
        "fn": 0
      },
      {
        "auc_roc": 0.0,
        "sensitivity": 0.0,
        "specificity": 1.0,
        "ppv": 0.0,
        "npv": 0.6666666666666666,
        "accuracy": 0.6666666666666666,
        "brier_score": 0.248118037906116,
        "tp": 0,
        "tn": 2,
        "fp": 0,
        "fn": 1
      },
      {
        "auc_roc": 0.5,
        "sensitivity": 0.0,
        "specificity": 1.0,
        "ppv": 0.0,
        "npv": 0.6666666666666666,
        "accuracy": 0.6666666666666666,
        "brier_score": 0.24897810410225554,
        "tp": 0,
        "tn": 2,
        "fp": 0,
        "fn": 1
      }
    ],
    "mean_metrics": {
      "auc_roc": 0.5,
      "sensitivity": 0.3333333333333333,
      "specificity": 0.6666666666666666,
      "ppv": 0.16666666666666666,
      "npv": 0.4444444444444444,
      "brier_score": 0.24903728344775108,
      "accuracy": 0.611111111111111
    },
    "std_metrics": {
      "auc_roc": 0.408248290463863,
      "sensitivity": 0.4714045207910317,
      "specificity": 0.4714045207910317,
      "ppv": 0.23570226039551584,
      "npv": 0.31426968052735443,
      "brier_score": 0.0007758500328684419,
      "accuracy": 0.0785674201318386
    }
  },
  "final_model": {
    "test_ids": [
      "slide_007",
      "slide_000"
    ],
    "test_labels": [
      0,
      1
    ],
    "test_predictions": [
      0.5190781950950623,
      0.5189580321311951
    ],
    "test_metrics": {
      "auc_roc": 0.0,
      "sensitivity": 1.0,
      "specificity": 0.0,
      "ppv": 0.5,
      "npv": 0.0,
      "accuracy": 0.5,
      "brier_score": 0.25042177373711993,
      "tp": 1,
      "tn": 0,
      "fp": 1,
      "fn": 0
    },
    "history": {
      "train_loss": [
        0.9267423947652181,
        0.9221331278483073,
        0.9229306578636169,
        0.9231145183245341,
        0.9279582798480988,
        0.9255710740884145,
        0.921172579129537
      ],
      "val_loss": [
        1.022116780281067,
        1.0217392146587372,
        1.0225047171115875,
        1.0227102041244507,
        1.023903638124466,
        1.024548202753067,
        1.0246890485286713
      ],
      "val_auc": [
        0.0,
        0.0,
        0.0,
        0.0,
        0.0,
        0.0,
        0.0
      ],
      "learning_rate": [
        0.0002,
        0.0002,
        0.0002,
        0.0002,
        0.0002,
        0.0002,
        0.0002
      ]
    }
  }
}